avatar,nome,profissao,email,perfil,estado
https://avatars.githubusercontent.com/u/74217163,Bernardo Moraes,Policial,bernardo.moraes74@example.net,bernardo_moraes,Maranhão
https://cloudflare-ipfs.com/ipfs/Qmd3W5DuhgHirLHGVixi6V76LhCkZUz6pnFt5AJBiyvHye/avatar/1244.jpg,Célia Franco,Policial,celia.franco@example.com,celia_franco,Paraná
https://cloudflare-ipfs.com/ipfs/Qmd3W5DuhgHirLHGVixi6V76LhCkZUz6pnFt5AJBiyvHye/avatar/553.jpg,Júlio Barros,Administrador,julio.barros@example.net,julio_barros92,Ceará
https://avatars.githubusercontent.com/u/74489267,Roberto Moraes,Administrador,roberto_moraes@example.org,roberto_moraes,Amazonas
https://avatars.githubusercontent.com/u/79125164,Alícia Carvalho,Policial,alicia.carvalho58@example.net,alicia_carvalho30,Maranhão
https://cloudflare-ipfs.com/ipfs/Qmd3W5DuhgHirLHGVixi6V76LhCkZUz6pnFt5AJBiyvHye/avatar/634.jpg,Luiza Macedo,Administrador,luiza.macedo@example.com,luiza_macedo63,Distrito Federal
https://avatars.githubusercontent.com/u/37549284,Karla Batista,Engenheiro,karla_batista@example.com,karla_batista,Bahia
https://cloudflare-ipfs.com/ipfs/Qmd3W5DuhgHirLHGVixi6V76LhCkZUz6pnFt5AJBiyvHye/avatar/247.jpg,Joana Macedo,Agente,joana_macedo@example.com,joana_macedo65,Distrito Federal
https://avatars.githubusercontent.com/u/32988067,Marina Xavier Jr.,Designer,marina_xavier11@example.com,marina.xavier64,Rio Grande do Sul
https://avatars.githubusercontent.com/u/6945434,Sarah Costa,Agente,sarah.costa38@example.net,sarah_costa,Amazonas
https://cloudflare-ipfs.com/ipfs/Qmd3W5DuhgHirLHGVixi6V76LhCkZUz6pnFt5AJBiyvHye/avatar/394.jpg,Pedro Henrique Oliveira,Arquiteto,pedrohenrique_oliveira24@example.net,pedrohenrique_oliveira38,Rio Grande do Norte
https://cloudflare-ipfs.com/ipfs/Qmd3W5DuhgHirLHGVixi6V76LhCkZUz6pnFt5AJBiyvHye/avatar/333.jpg,Washington Silva,Consultor,washington_silva@example.net,washington_silva80,Paraná
https://avatars.githubusercontent.com/u/54874101,Ana Luiza Costa,Agente,analuiza.costa1@example.com,analuiza.costa93,Acre
https://avatars.githubusercontent.com/u/93916169,Dalila Costa,Assistente,dalila_costa@example.com,dalila.costa,Mato Grosso do Sul
https://avatars.githubusercontent.com/u/76385767,Maria Helena Moraes,Especialista,mariahelena.moraes12@example.org,mariahelena_moraes,Pernambuco
https://cloudflare-ipfs.com/ipfs/Qmd3W5DuhgHirLHGVixi6V76LhCkZUz6pnFt5AJBiyvHye/avatar/1234.jpg,Guilherme Oliveira,Planejador,guilherme.oliveira@example.net,guilherme.oliveira,Bahia
https://avatars.githubusercontent.com/u/27054071,Antônio Albuquerque,Associado,antonio_albuquerque33@example.net,antonio_albuquerque9,Rondônia
https://avatars.githubusercontent.com/u/83483658,Alexandre Macedo Neto,Consultor,alexandre.macedo86@example.com,alexandre_macedo97,Goiás
https://cloudflare-ipfs.com/ipfs/Qmd3W5DuhgHirLHGVixi6V76LhCkZUz6pnFt5AJBiyvHye/avatar/291.jpg,Bernardo Macedo,Arquiteto,bernardo_macedo@example.com,bernardo_macedo27,Mato Grosso
https://avatars.githubusercontent.com/u/30601021,Júlio César Martins,Designer,juliocesar_martins@example.com,juliocesar.martins,Roraima
https://cloudflare-ipfs.com/ipfs/Qmd3W5DuhgHirLHGVixi6V76LhCkZUz6pnFt5AJBiyvHye/avatar/1145.jpg,Júlio César Silva,Consultor,juliocesar.silva81@example.net,juliocesar.silva,Minas Gerais
https://avatars.githubusercontent.com/u/19843537,Dr. Eloá Pereira,Arquiteto,eloa_pereira87@example.com,eloa.pereira,Amazonas
https://avatars.githubusercontent.com/u/6431806,Marcos Reis,Engenheiro,marcos_reis51@example.net,marcos.reis,Amapá
https://avatars.githubusercontent.com/u/60131756,Karla Melo,Executivo,karla_melo57@example.net,karla_melo7,Mato Grosso
https://cloudflare-ipfs.com/ipfs/Qmd3W5DuhgHirLHGVixi6V76LhCkZUz6pnFt5AJBiyvHye/avatar/626.jpg,Dra. Paula Costa,Atentende,paula_costa@example.com,paula.costa83,Rondônia
https://avatars.githubusercontent.com/u/13325934,João Lucas Saraiva,Supervisor,joaolucas_saraiva@example.net,joaolucas.saraiva13,Mato Grosso do Sul
https://cloudflare-ipfs.com/ipfs/Qmd3W5DuhgHirLHGVixi6V76LhCkZUz6pnFt5AJBiyvHye/avatar/519.jpg,Gúbio Batista,Produtor,gubio_batista94@example.net,gubio_batista77,Mato Grosso
https://cloudflare-ipfs.com/ipfs/Qmd3W5DuhgHirLHGVixi6V76LhCkZUz6pnFt5AJBiyvHye/avatar/106.jpg,Ricardo Carvalho,Consultor,ricardo.carvalho@example.org,ricardo.carvalho0,Paraíba
https://cloudflare-ipfs.com/ipfs/Qmd3W5DuhgHirLHGVixi6V76LhCkZUz6pnFt5AJBiyvHye/avatar/1202.jpg,Janaína Nogueira Filho,Gerente,janaina.nogueira@example.net,janaina.nogueira98,Paraíba
https://cloudflare-ipfs.com/ipfs/Qmd3W5DuhgHirLHGVixi6V76LhCkZUz6pnFt5AJBiyvHye/avatar/740.jpg,Morgana Costa,Atentende,morgana_costa79@example.org,morgana.costa18,Sergipe
https://avatars.githubusercontent.com/u/7342423,Emanuel Barros,Especialista,emanuel_barros@example.net,emanuel.barros,Ceará
https://cloudflare-ipfs.com/ipfs/Qmd3W5DuhgHirLHGVixi6V76LhCkZUz6pnFt5AJBiyvHye/avatar/356.jpg,Sophia Costa,Técnico,sophia.costa@example.org,sophia.costa,Piauí
https://cloudflare-ipfs.com/ipfs/Qmd3W5DuhgHirLHGVixi6V76LhCkZUz6pnFt5AJBiyvHye/avatar/336.jpg,Calebe Oliveira,Gerente,calebe_oliveira38@example.com,calebe_oliveira83,São Paulo
https://avatars.githubusercontent.com/u/41957749,Joaquim Batista,Policial,joaquim_batista@example.org,joaquim_batista30,Mato Grosso do Sul
https://cloudflare-ipfs.com/ipfs/Qmd3W5DuhgHirLHGVixi6V76LhCkZUz6pnFt5AJBiyvHye/avatar/877.jpg,Maitê Macedo,Assistente,maite_macedo60@example.net,maite.macedo,Alagoas
https://avatars.githubusercontent.com/u/14446110,Meire Pereira,Produtor,meire_pereira@example.net,meire_pereira,Goiás
https://cloudflare-ipfs.com/ipfs/Qmd3W5DuhgHirLHGVixi6V76LhCkZUz6pnFt5AJBiyvHye/avatar/428.jpg,Paula Saraiva,Gerente,paula_saraiva@example.org,paula.saraiva,Minas Gerais
https://cloudflare-ipfs.com/ipfs/Qmd3W5DuhgHirLHGVixi6V76LhCkZUz6pnFt5AJBiyvHye/avatar/268.jpg,Benício Pereira,Agente,benicio.pereira36@example.net,benicio.pereira,Rio Grande do Norte
https://avatars.githubusercontent.com/u/571984,Beatriz Macedo,Assistente,beatriz.macedo61@example.net,beatriz.macedo,Pará
https://cloudflare-ipfs.com/ipfs/Qmd3W5DuhgHirLHGVixi6V76LhCkZUz6pnFt5AJBiyvHye/avatar/1249.jpg,Raul Franco,Agente,raul_franco4@example.net,raul.franco51,Goiás
https://avatars.githubusercontent.com/u/14855088,Maria Clara Silva,Atentende,mariaclara.silva40@example.com,mariaclara.silva58,Maranhão
https://avatars.githubusercontent.com/u/27981539,Valentina Carvalho,Gerente,valentina_carvalho@example.com,valentina.carvalho,Rio de Janeiro
https://avatars.githubusercontent.com/u/27884042,Margarida Albuquerque,Agente,margarida.albuquerque@example.com,margarida.albuquerque79,Distrito Federal
https://avatars.githubusercontent.com/u/2487182,Paulo Albuquerque Filho,Desenvolvedor,paulo_albuquerque@example.net,paulo_albuquerque38,Rio Grande do Norte
https://avatars.githubusercontent.com/u/23450238,Samuel Barros,Engenheiro,samuel_barros42@example.org,samuel_barros7,Pará
https://avatars.githubusercontent.com/u/43685503,Emanuelly Braga,Analista,emanuelly_braga@example.com,emanuelly.braga53,Amazonas
https://avatars.githubusercontent.com/u/82792736,Danilo Nogueira,Administrador,danilo.nogueira9@example.com,danilo_nogueira,Amazonas
https://cloudflare-ipfs.com/ipfs/Qmd3W5DuhgHirLHGVixi6V76LhCkZUz6pnFt5AJBiyvHye/avatar/141.jpg,Núbia Albuquerque,Arquiteto,nubia.albuquerque15@example.net,nubia_albuquerque,Santa Catarina
https://avatars.githubusercontent.com/u/37062881,Washington Barros,Consultor,washington.barros22@example.com,washington_barros51,Ceará
https://cloudflare-ipfs.com/ipfs/Qmd3W5DuhgHirLHGVixi6V76LhCkZUz6pnFt5AJBiyvHye/avatar/1081.jpg,Heloísa Moreira,Desenvolvedor,heloisa.moreira@example.org,heloisa.moreira,Amazonas
https://avatars.githubusercontent.com/u/53447160,Melissa Batista Filho,Administrador,melissa.batista41@example.com,melissa_batista,Espírito Santo
https://cloudflare-ipfs.com/ipfs/Qmd3W5DuhgHirLHGVixi6V76LhCkZUz6pnFt5AJBiyvHye/avatar/17.jpg,Manuela Martins,Gerente,manuela_martins7@example.com,manuela_martins13,Minas Gerais
https://avatars.githubusercontent.com/u/4985921,Marina Santos,Arquiteto,marina.santos37@example.com,marina_santos,Amazonas
https://cloudflare-ipfs.com/ipfs/Qmd3W5DuhgHirLHGVixi6V76LhCkZUz6pnFt5AJBiyvHye/avatar/818.jpg,Cauã Moraes,Orquestrador,caua.moraes@example.com,caua.moraes69,Roraima
https://avatars.githubusercontent.com/u/64275513,Rebeca Carvalho,Assistente,rebeca_carvalho@example.net,rebeca_carvalho,Rio de Janeiro
https://avatars.githubusercontent.com/u/78432265,Ricardo Moraes,Gerente,ricardo.moraes14@example.com,ricardo.moraes4,Minas Gerais
https://avatars.githubusercontent.com/u/6304875,Davi Lucca Reis,Executivo,davilucca.reis16@example.org,davilucca_reis,Mato Grosso do Sul
https://cloudflare-ipfs.com/ipfs/Qmd3W5DuhgHirLHGVixi6V76LhCkZUz6pnFt5AJBiyvHye/avatar/1218.jpg,Vicente Albuquerque,Orquestrador,vicente.albuquerque15@example.com,vicente_albuquerque,Bahia
https://avatars.githubusercontent.com/u/68492103,Warley Franco,Técnico,warley_franco54@example.net,warley_franco,Roraima
https://avatars.githubusercontent.com/u/19841273,Leonardo Costa,Arquiteto,leonardo_costa83@example.com,leonardo_costa,Rio de Janeiro
https://cloudflare-ipfs.com/ipfs/Qmd3W5DuhgHirLHGVixi6V76LhCkZUz6pnFt5AJBiyvHye/avatar/1244.jpg,Murilo Barros,Assistente,murilo_barros55@example.org,murilo_barros51,Amapá
https://cloudflare-ipfs.com/ipfs/Qmd3W5DuhgHirLHGVixi6V76LhCkZUz6pnFt5AJBiyvHye/avatar/1153.jpg,Daniel Batista,Policial,daniel.batista96@example.com,daniel.batista,Rio Grande do Sul
https://avatars.githubusercontent.com/u/35635891,Sra. Maria Helena Saraiva,Policial,mariahelena_saraiva@example.com,mariahelena_saraiva,Alagoas
https://avatars.githubusercontent.com/u/79478098,Washington Braga,Assistente,washington.braga@example.com,washington_braga,Bahia
https://avatars.githubusercontent.com/u/53978501,Yasmin Moreira,Designer,yasmin_moreira83@example.com,yasmin_moreira,Amazonas
https://cloudflare-ipfs.com/ipfs/Qmd3W5DuhgHirLHGVixi6V76LhCkZUz6pnFt5AJBiyvHye/avatar/836.jpg,Davi Lucca Reis Filho,Estrategista,davilucca_reis@example.com,davilucca.reis0,Piauí
https://cloudflare-ipfs.com/ipfs/Qmd3W5DuhgHirLHGVixi6V76LhCkZUz6pnFt5AJBiyvHye/avatar/520.jpg,Pietro Albuquerque,Estrategista,pietro_albuquerque43@example.com,pietro_albuquerque80,Rio de Janeiro
https://cloudflare-ipfs.com/ipfs/Qmd3W5DuhgHirLHGVixi6V76LhCkZUz6pnFt5AJBiyvHye/avatar/865.jpg,Margarida Pereira,Supervisor,margarida.pereira@example.org,margarida_pereira53,Pernambuco
https://avatars.githubusercontent.com/u/83256849,Fabrício Silva,Coordenador,fabricio_silva16@example.net,fabricio_silva,Paraíba
https://cloudflare-ipfs.com/ipfs/Qmd3W5DuhgHirLHGVixi6V76LhCkZUz6pnFt5AJBiyvHye/avatar/277.jpg,Isabella Moreira Filho,Supervisor,isabella_moreira@example.org,isabella.moreira11,Ceará
https://avatars.githubusercontent.com/u/64425763,Natália Martins,Planejador,natalia_martins33@example.org,natalia.martins37,Goiás
https://cloudflare-ipfs.com/ipfs/Qmd3W5DuhgHirLHGVixi6V76LhCkZUz6pnFt5AJBiyvHye/avatar/802.jpg,Alice Carvalho,Técnico,alice_carvalho25@example.net,alice_carvalho,Piauí
https://cloudflare-ipfs.com/ipfs/Qmd3W5DuhgHirLHGVixi6V76LhCkZUz6pnFt5AJBiyvHye/avatar/163.jpg,Gabriel Carvalho,Representante,gabriel.carvalho41@example.com,gabriel.carvalho27,Minas Gerais
https://cloudflare-ipfs.com/ipfs/Qmd3W5DuhgHirLHGVixi6V76LhCkZUz6pnFt5AJBiyvHye/avatar/243.jpg,Sr. Tertuliano Moraes,Coordenador,tertuliano.moraes@example.net,tertuliano_moraes,Roraima
https://avatars.githubusercontent.com/u/15260754,Dr. Antônio Braga,Arquiteto,antonio.braga28@example.net,antonio_braga27,Amazonas
https://avatars.githubusercontent.com/u/22031623,Gael Xavier,Associado,gael.xavier46@example.net,gael.xavier12,Minas Gerais
https://avatars.githubusercontent.com/u/26309993,Samuel Souza,Técnico,samuel.souza@example.org,samuel.souza,Pernambuco
https://cloudflare-ipfs.com/ipfs/Qmd3W5DuhgHirLHGVixi6V76LhCkZUz6pnFt5AJBiyvHye/avatar/174.jpg,Enzo Gabriel Pereira,Assistente,enzogabriel_pereira@example.net,enzogabriel_pereira58,Sergipe
https://cloudflare-ipfs.com/ipfs/Qmd3W5DuhgHirLHGVixi6V76LhCkZUz6pnFt5AJBiyvHye/avatar/1001.jpg,Ricardo Costa,Produtor,ricardo_costa40@example.net,ricardo.costa59,Rio Grande do Sul
https://cloudflare-ipfs.com/ipfs/Qmd3W5DuhgHirLHGVixi6V76LhCkZUz6pnFt5AJBiyvHye/avatar/619.jpg,Liz Santos,Designer,liz_santos@example.com,liz_santos,Tocantins
https://avatars.githubusercontent.com/u/15000979,Beatriz Oliveira Jr.,Agente,beatriz_oliveira@example.org,beatriz_oliveira,Ceará
https://avatars.githubusercontent.com/u/56612282,Dra. Yasmin Pereira,Assistente,yasmin_pereira54@example.com,yasmin.pereira3,Santa Catarina
https://cloudflare-ipfs.com/ipfs/Qmd3W5DuhgHirLHGVixi6V76LhCkZUz6pnFt5AJBiyvHye/avatar/1021.jpg,Eduardo Costa,Agente,eduardo_costa69@example.org,eduardo_costa,Mato Grosso do Sul
https://avatars.githubusercontent.com/u/46629979,Sr. Samuel Silva,Associado,samuel.silva59@example.net,samuel.silva,Rio Grande do Sul
https://cloudflare-ipfs.com/ipfs/Qmd3W5DuhgHirLHGVixi6V76LhCkZUz6pnFt5AJBiyvHye/avatar/308.jpg,Luiza Xavier,Engenheiro,luiza_xavier25@example.org,luiza_xavier47,Paraíba
https://avatars.githubusercontent.com/u/65963883,Gabriel Nogueira,Policial,gabriel.nogueira@example.org,gabriel.nogueira62,Rio Grande do Norte
https://avatars.githubusercontent.com/u/17611845,Emanuel Costa,Gerente,emanuel_costa91@example.org,emanuel.costa91,Maranhão
https://avatars.githubusercontent.com/u/77806470,Luiza Xavier,Especialista,luiza.xavier@example.org,luiza_xavier32,Minas Gerais
https://avatars.githubusercontent.com/u/7800953,Elisa Braga,Supervisor,elisa_braga@example.org,elisa_braga35,Mato Grosso do Sul
https://avatars.githubusercontent.com/u/24257403,Sarah Melo,Arquiteto,sarah_melo@example.com,sarah.melo49,Rondônia
https://avatars.githubusercontent.com/u/69210435,Roberta Barros,Representante,roberta.barros@example.org,roberta_barros,Rio Grande do Norte
https://cloudflare-ipfs.com/ipfs/Qmd3W5DuhgHirLHGVixi6V76LhCkZUz6pnFt5AJBiyvHye/avatar/1173.jpg,Sara Batista,Orquestrador,sara_batista57@example.org,sara_batista,Distrito Federal
https://cloudflare-ipfs.com/ipfs/Qmd3W5DuhgHirLHGVixi6V76LhCkZUz6pnFt5AJBiyvHye/avatar/518.jpg,Kléber Melo,Orquestrador,kleber_melo41@example.org,kleber_melo9,Ceará
https://avatars.githubusercontent.com/u/88745413,Henrique Souza,Executivo,henrique.souza82@example.org,henrique.souza8,Pernambuco
https://avatars.githubusercontent.com/u/6783194,Norberto Albuquerque,Supervisor,norberto_albuquerque@example.com,norberto_albuquerque,São Paulo
https://avatars.githubusercontent.com/u/59289222,Sr. Henrique Barros,Arquiteto,henrique.barros@example.net,henrique_barros,Amazonas
https://avatars.githubusercontent.com/u/12588092,Srta. Alessandro Braga,Produtor,alessandro.braga42@example.net,alessandro.braga16,Santa Catarina
https://cloudflare-ipfs.com/ipfs/Qmd3W5DuhgHirLHGVixi6V76LhCkZUz6pnFt5AJBiyvHye/avatar/254.jpg,Janaína Franco,Representante,janaina.franco22@example.net,janaina.franco3,Bahia
https://avatars.githubusercontent.com/u/88308718,Júlia Oliveira Jr.,Arquiteto,julia_oliveira@example.net,julia_oliveira,Pará
https://cloudflare-ipfs.com/ipfs/Qmd3W5DuhgHirLHGVixi6V76LhCkZUz6pnFt5AJBiyvHye/avatar/349.jpg,Célia Pereira Neto,Gerente,celia.pereira81@example.com,celia.pereira,Maranhão
